{"cameraMode":{"drawMode":0,"name":"Shaded","section":"Shading Mode"},"sceneLighting":false,"audioPlay":false,"sceneViewState":{"m_AlwaysRefresh":false,"showFog":true,"showSkybox":false,"showFlares":true,"showImageEffects":true,"showParticleSystems":true,"showVisualEffectGraphs":true,"m_FxEnabled":true},"in2DMode":false,"pivot":{"x":0.0012128651142120362,"y":0.20000000298023225,"z":-0.006179597228765488},"rotation":{"x":-0.38029006123542788,"y":-0.0542198047041893,"z":0.02262437529861927,"w":-0.9230698347091675},"size":0.09013409912586212,"orthographic":false}